term,estimate,std.error,statistic,p.value
Fossil_Fuels,-0.0982561132304872,0.029391828537754162,-3.342973816830621,0.0012885666630855013
Income_Group::Low-income countries,0.499040531063855,0.5233819135616036,0.9534921213992552,0.34336363719418994
Income_Group::Lower-middle-income countries,0.1760795843743734,0.4626207302714432,0.38061326017763736,0.7045520178687628
Income_Group::Upper-middle-income countries,-0.1548556940869014,0.3471590118229988,-0.446065603406705,0.6568181347223861
Renewables_lag,0.7188507693268178,0.06592874175534726,10.903450455559684,3.3362314016480737e-17
YearsToTarget_dec_sq,-0.006829515670458566,0.028171965646786045,-0.24242240516993177,0.8091058869862928
